모델,MAE,RMSE,R²,MAPE(%),학습시간(초)
LightGBM,349.1987933484728,475.87257618923826,0.7866197723521613,18.81261983508571,1.1817131042480469
RandomForest,370.50460805556077,499.8453092160012,0.7645796179152643,20.66486697553529,0.7225267887115479
XGBoost,381.11746106580955,493.4165408996252,0.770596400911703,20.11071253794288,0.7953166961669922
CatBoost,331.0449906285599,446.8464570634982,0.8118563971475052,18.22689808921736,4.436681270599365
GradientBoosting,342.9635796446576,453.45289950740914,0.8062520192191914,18.203595000640743,1.897735834121704
