{
  "timestamp": "2025-12-04 15:18:29",
  "MAE": 301.90023978298564,
  "RMSE": 478.2657577623481,
  "R2": 0.7844681808843531,
  "MAPE": 15.367853245975969
}