{
  "timestamp": "2025-12-05 11:29:32",
  "MAE": 2496.7858805851974,
  "RMSE": 4401.372994410309,
  "R2": 0.7137430631260365,
  "MAPE": 16.486096942331987
}