{
  "timestamp": "2025-12-04 09:23:36",
  "MAE": 2394.6538143699468,
  "RMSE": 3802.6004477428455,
  "R2": 0.7767441247521784,
  "MAPE": 15.426270041657247
}