{
  "timestamp": "2025-12-04 09:28:06",
  "MAE": 2500.504151545864,
  "RMSE": 4041.6099479210043,
  "R2": 0.7477969685869283,
  "MAPE": 16.02066784136603
}