{
  "timestamp": "2025-12-04 09:30:34",
  "MAE": 2373.1143013265223,
  "RMSE": 3837.8892750251925,
  "R2": 0.7725811868875869,
  "MAPE": 15.373968305111148
}