{
  "timestamp": "2025-12-04 10:01:03",
  "MAE": 2362.5841326307414,
  "RMSE": 3746.389826376528,
  "R2": 0.7832957456369956,
  "MAPE": 15.29849964776597
}