{
  "timestamp": "2025-12-04 09:34:17",
  "MAE": 301.6730337052693,
  "RMSE": 832.6965563216422,
  "R2": 0.9892943006240378,
  "MAPE": 1.6232921028329923
}