{
  "timestamp": "2025-12-04 09:23:06",
  "MAE": 2372.635928566147,
  "RMSE": 3799.7725387313485,
  "R2": 0.7770760620938546,
  "MAPE": 15.36698205302194
}