{
  "timestamp": "2025-12-05 11:29:57",
  "MAE": 344.58000631213395,
  "RMSE": 548.7432698541518,
  "R2": 0.7389597831544574,
  "MAPE": 15.752010428167317
}