{
  "timestamp": "2025-12-05 18:04:43",
  "MAE": 300.6957098643493,
  "RMSE": 474.87768091986686,
  "R2": 0.7875110574308619,
  "MAPE": 15.304069709537723
}