{
  "timestamp": "2025-12-04 14:01:20",
  "MAE": 432.88856052685964,
  "RMSE": 684.8362806660937,
  "R2": 0.7834578629604129,
  "MAPE": 15.424045198701977
}